дата;показатель;базовый_уровень;долгосрочное_изменение;годовая_волна;короткая_волна
2024-01-01;81.71;100;-5.0;-13.8;0.0
2024-01-02;83.1;100;-4.99;-13.62;1.03
2024-01-03;85.14;100;-4.97;-13.45;2.01
2024-01-04;83.65;100;-4.96;-13.27;2.91
2024-01-05;84.18;100;-4.95;-13.08;3.68
2024-01-06;87.58;100;-4.93;-12.89;4.3
2024-01-07;86.55;100;-4.92;-12.7;4.73
2024-01-08;87.12;100;-4.9;-12.5;4.96
2024-01-09;88.86;100;-4.89;-12.3;4.98
2024-01-10;86.74;100;-4.88;-12.1;4.79
2024-01-11;89.04;100;-4.86;-11.89;4.4
2024-01-12;87.26;100;-4.85;-11.68;3.82
2024-01-13;85.31;100;-4.84;-11.47;3.07
2024-01-14;87.55;100;-4.82;-11.25;2.2
2024-01-15;85.64;100;-4.81;-11.03;1.23
2024-01-16;83.18;100;-4.79;-10.8;0.21
2024-01-17;84.97;100;-4.78;-10.57;-0.82
2024-01-18;84.01;100;-4.77;-10.34;-1.82
2024-01-19;83.22;100;-4.75;-10.11;-2.73
2024-01-20;82.39;100;-4.74;-9.87;-3.54
2024-01-21;83.13;100;-4.73;-9.63;-4.19
2024-01-22;79.58;100;-4.71;-9.39;-4.66
2024-01-23;82.84;100;-4.7;-9.15;-4.93
2024-01-24;81.91;100;-4.68;-8.9;-5.0
2024-01-25;80.99;100;-4.67;-8.65;-4.85
2024-01-26;82.84;100;-4.66;-8.39;-4.49
2024-01-27;82.72;100;-4.64;-8.14;-3.95
2024-01-28;84.77;100;-4.63;-7.88;-3.23
2024-01-29;86.08;100;-4.62;-7.62;-2.38
2024-01-30;86.7;100;-4.6;-7.36;-1.43
2024-01-31;86.54;100;-4.59;-7.09;-0.41
2024-02-01;88.85;100;-4.57;-6.83;0.62
2024-02-02;89.83;100;-4.56;-6.56;1.62
2024-02-03;92.57;100;-4.55;-6.29;2.56
2024-02-04;94.31;100;-4.53;-6.01;3.39
2024-02-05;94.75;100;-4.52;-5.74;4.07
2024-02-06;94.71;100;-4.51;-5.46;4.58
2024-02-07;94.1;100;-4.49;-5.18;4.89
2024-02-08;96.32;100;-4.48;-4.9;5.0
2024-02-09;95.01;100;-4.47;-4.62;4.89
2024-02-10;97.48;100;-4.45;-4.34;4.58
2024-02-11;94.46;100;-4.44;-4.06;4.07
2024-02-12;96.78;100;-4.42;-3.77;3.39
2024-02-13;93.01;100;-4.41;-3.49;2.56
2024-02-14;94.98;100;-4.4;-3.2;1.62
2024-02-15;92.8;100;-4.38;-2.91;0.62
2024-02-16;92.85;100;-4.37;-2.62;-0.41
2024-02-17;91.6;100;-4.36;-2.33;-1.43
2024-02-18;90.58;100;-4.34;-2.04;-2.38
2024-02-19;90.48;100;-4.33;-1.75;-3.23
2024-02-20;91.35;100;-4.31;-1.46;-3.95
2024-02-21;89.54;100;-4.3;-1.17;-4.49
2024-02-22;89.52;100;-4.29;-0.88;-4.85
2024-02-23;91.1;100;-4.27;-0.59;-5.0
2024-02-24;89.42;100;-4.26;-0.29;-4.93
2024-02-25;90.61;100;-4.25;0.0;-4.66
2024-02-26;91.93;100;-4.23;0.29;-4.19
2024-02-27;92.89;100;-4.22;0.59;-3.54
2024-02-28;92.82;100;-4.2;0.88;-2.73
2024-02-29;96.06;100;-4.19;1.17;-1.82
2024-03-01;96.42;100;-4.18;1.46;-0.82
2024-03-02;96.41;100;-4.16;1.75;0.21
2024-03-03;98.57;100;-4.15;2.04;1.23
2024-03-04;98.89;100;-4.14;2.33;2.2
2024-03-05;101.04;100;-4.12;2.62;3.07
2024-03-06;101.31;100;-4.11;2.91;3.82
2024-03-07;102.67;100;-4.1;3.2;4.4
2024-03-08;104.39;100;-4.08;3.49;4.79
2024-03-09;105.33;100;-4.07;3.77;4.98
2024-03-10;104.28;100;-4.05;4.06;4.96
2024-03-11;104.91;100;-4.04;4.34;4.73
2024-03-12;104.94;100;-4.03;4.62;4.3
2024-03-13;104.86;100;-4.01;4.9;3.68
2024-03-14;105.47;100;-4.0;5.18;2.91
2024-03-15;102.52;100;-3.99;5.46;2.01
2024-03-16;103.72;100;-3.97;5.74;1.03
2024-03-17;102.24;100;-3.96;6.01;0.0
2024-03-18;102.66;100;-3.94;6.29;-1.03
2024-03-19;101.25;100;-3.93;6.56;-2.01
2024-03-20;98.32;100;-3.92;6.83;-2.91
2024-03-21;98.01;100;-3.9;7.09;-3.68
2024-03-22;100.18;100;-3.89;7.36;-4.3
2024-03-23;98.32;100;-3.88;7.62;-4.73
2024-03-24;99.45;100;-3.86;7.88;-4.96
2024-03-25;97.94;100;-3.85;8.14;-4.98
2024-03-26;99.98;100;-3.83;8.39;-4.79
2024-03-27;100.13;100;-3.82;8.65;-4.4
2024-03-28;101.14;100;-3.81;8.9;-3.82
2024-03-29;100.59;100;-3.79;9.15;-3.07
2024-03-30;104.76;100;-3.78;9.39;-2.2
2024-03-31;105.81;100;-3.77;9.63;-1.23
2024-04-01;106.74;100;-3.75;9.87;-0.21
2024-04-02;107.61;100;-3.74;10.11;0.82
2024-04-03;107.51;100;-3.72;10.34;1.82
2024-04-04;108.55;100;-3.71;10.57;2.73
2024-04-05;111.79;100;-3.7;10.8;3.54
2024-04-06;110.95;100;-3.68;11.03;4.19
2024-04-07;111.84;100;-3.67;11.25;4.66
2024-04-08;114.03;100;-3.66;11.47;4.93
2024-04-09;112.51;100;-3.64;11.68;5.0
2024-04-10;114.79;100;-3.63;11.89;4.85
2024-04-11;111.9;100;-3.62;12.1;4.49
2024-04-12;113.84;100;-3.6;12.3;3.95
2024-04-13;111.45;100;-3.59;12.5;3.23
2024-04-14;110.27;100;-3.57;12.7;2.38
2024-04-15;110.63;100;-3.56;12.89;1.43
2024-04-16;111.05;100;-3.55;13.08;0.41
2024-04-17;107.76;100;-3.53;13.27;-0.62
2024-04-18;108.63;100;-3.52;13.45;-1.62
2024-04-19;108.77;100;-3.51;13.62;-2.56
2024-04-20;105.32;100;-3.49;13.8;-3.39
2024-04-21;106.39;100;-3.48;13.97;-4.07
2024-04-22;105.45;100;-3.46;14.13;-4.58
2024-04-23;105.84;100;-3.45;14.29;-4.89
2024-04-24;107.14;100;-3.44;14.45;-5.0
2024-04-25;106.07;100;-3.42;14.6;-4.89
2024-04-26;106.09;100;-3.41;14.75;-4.58
2024-04-27;106.42;100;-3.4;14.89;-4.07
2024-04-28;109.34;100;-3.38;15.03;-3.39
2024-04-29;108.05;100;-3.37;15.16;-2.56
2024-04-30;111.05;100;-3.35;15.29;-1.62
2024-05-01;113.14;100;-3.34;15.42;-0.62
2024-05-02;113.28;100;-3.33;15.54;0.41
2024-05-03;115.13;100;-3.31;15.66;1.43
2024-05-04;113.57;100;-3.3;15.77;2.38
2024-05-05;116.19;100;-3.29;15.88;3.23
2024-05-06;117.02;100;-3.27;15.98;3.95
2024-05-07;115.88;100;-3.26;16.08;4.49
2024-05-08;117.54;100;-3.24;16.17;4.85
2024-05-09;117.36;100;-3.23;16.26;5.0
2024-05-10;116.78;100;-3.22;16.34;4.93
2024-05-11;117.53;100;-3.2;16.42;4.66
2024-05-12;116.08;100;-3.19;16.49;4.19
2024-05-13;118.35;100;-3.18;16.56;3.54
2024-05-14;115.06;100;-3.16;16.62;2.73
2024-05-15;115.51;100;-3.15;16.68;1.82
2024-05-16;115.14;100;-3.14;16.74;0.82
2024-05-17;111.83;100;-3.12;16.78;-0.21
2024-05-18;113.99;100;-3.11;16.83;-1.23
2024-05-19;113.0;100;-3.09;16.87;-2.2
2024-05-20;111.02;100;-3.08;16.9;-3.07
2024-05-21;110.12;100;-3.07;16.93;-3.82
2024-05-22;110.7;100;-3.05;16.95;-4.4
2024-05-23;109.49;100;-3.04;16.97;-4.79
2024-05-24;108.03;100;-3.03;16.99;-4.98
2024-05-25;110.48;100;-3.01;17.0;-4.96
2024-05-26;108.26;100;-3.0;17.0;-4.73
2024-05-27;109.92;100;-2.98;17.0;-4.3
2024-05-28;110.5;100;-2.97;16.99;-3.68
2024-05-29;112.02;100;-2.96;16.98;-2.91
2024-05-30;111.56;100;-2.94;16.96;-2.01
2024-05-31;113.45;100;-2.93;16.94;-1.03
2024-06-01;113.01;100;-2.92;16.92;-0.0
2024-06-02;115.68;100;-2.9;16.89;1.03
2024-06-03;114.82;100;-2.89;16.85;2.01
2024-06-04;116.33;100;-2.87;16.81;2.91
2024-06-05;117.65;100;-2.86;16.76;3.68
2024-06-06;118.93;100;-2.85;16.71;4.3
2024-06-07;119.94;100;-2.83;16.65;4.73
2024-06-08;120.31;100;-2.82;16.59;4.96
2024-06-09;118.6;100;-2.81;16.53;4.98
2024-06-10;116.98;100;-2.79;16.45;4.79
2024-06-11;118.32;100;-2.78;16.38;4.4
2024-06-12;117.63;100;-2.77;16.3;3.82
2024-06-13;117.32;100;-2.75;16.21;3.07
2024-06-14;114.04;100;-2.74;16.12;2.2
2024-06-15;115.54;100;-2.72;16.03;1.23
2024-06-16;112.17;100;-2.71;15.93;0.21
2024-06-17;113.43;100;-2.7;15.82;-0.82
2024-06-18;112.85;100;-2.68;15.71;-1.82
2024-06-19;110.35;100;-2.67;15.6;-2.73
2024-06-20;109.11;100;-2.66;15.48;-3.54
2024-06-21;109.07;100;-2.64;15.36;-4.19
2024-06-22;106.7;100;-2.63;15.23;-4.66
2024-06-23;108.09;100;-2.61;15.1;-4.93
2024-06-24;108.55;100;-2.6;14.96;-5.0
2024-06-25;108.86;100;-2.59;14.82;-4.85
2024-06-26;108.29;100;-2.57;14.67;-4.49
2024-06-27;108.76;100;-2.56;14.52;-3.95
2024-06-28;110.17;100;-2.55;14.37;-3.23
2024-06-29;108.9;100;-2.53;14.21;-2.38
2024-06-30;109.55;100;-2.52;14.05;-1.43
2024-07-01;112.64;100;-2.5;13.88;-0.41
2024-07-02;110.35;100;-2.49;13.71;0.62
2024-07-03;112.16;100;-2.48;13.54;1.62
2024-07-04;114.28;100;-2.46;13.36;2.56
2024-07-05;115.61;100;-2.45;13.17;3.39
2024-07-06;115.63;100;-2.44;12.99;4.07
2024-07-07;113.89;100;-2.42;12.8;4.58
2024-07-08;116.1;100;-2.41;12.6;4.89
2024-07-09;114.06;100;-2.39;12.4;5.0
2024-07-10;114.81;100;-2.38;12.2;4.89
2024-07-11;114.59;100;-2.37;11.99;4.58
2024-07-12;115.15;100;-2.35;11.79;4.07
2024-07-13;111.68;100;-2.34;11.57;3.39
2024-07-14;111.08;100;-2.33;11.36;2.56
2024-07-15;109.8;100;-2.31;11.14;1.62
2024-07-16;108.54;100;-2.3;10.91;0.62
2024-07-17;106.85;100;-2.29;10.69;-0.41
2024-07-18;106.43;100;-2.27;10.46;-1.43
2024-07-19;104.8;100;-2.26;10.23;-2.38
2024-07-20;103.71;100;-2.24;9.99;-3.23
2024-07-21;104.71;100;-2.23;9.75;-3.95
2024-07-22;101.48;100;-2.22;9.51;-4.49
2024-07-23;102.09;100;-2.2;9.27;-4.85
2024-07-24;100.28;100;-2.19;9.02;-5.0
2024-07-25;100.16;100;-2.18;8.77;-4.93
2024-07-26;102.89;100;-2.16;8.52;-4.66
2024-07-27;102.9;100;-2.15;8.27;-4.19
2024-07-28;103.8;100;-2.13;8.01;-3.54
2024-07-29;101.57;100;-2.12;7.75;-2.73
2024-07-30;104.51;100;-2.11;7.49;-1.82
2024-07-31;103.62;100;-2.09;7.23;-0.82
2024-08-01;106.07;100;-2.08;6.96;0.21
2024-08-02;106.08;100;-2.07;6.69;1.23
2024-08-03;106.34;100;-2.05;6.42;2.2
2024-08-04;107.59;100;-2.04;6.15;3.07
2024-08-05;106.85;100;-2.02;5.88;3.82
2024-08-06;108.11;100;-2.01;5.6;4.4
2024-08-07;109.28;100;-2.0;5.32;4.79
2024-08-08;108.54;100;-1.98;5.04;4.98
2024-08-09;108.62;100;-1.97;4.76;4.96
2024-08-10;108.84;100;-1.96;4.48;4.73
2024-08-11;105.27;100;-1.94;4.2;4.3
2024-08-12;106.6;100;-1.93;3.92;3.68
2024-08-13;106.18;100;-1.91;3.63;2.91
2024-08-14;103.59;100;-1.9;3.34;2.01
2024-08-15;101.64;100;-1.89;3.06;1.03
2024-08-16;101.36;100;-1.87;2.77;0.0
2024-08-17;98.27;100;-1.86;2.48;-1.03
2024-08-18;99.21;100;-1.85;2.19;-2.01
2024-08-19;97.98;100;-1.83;1.9;-2.91
2024-08-20;94.49;100;-1.82;1.61;-3.68
2024-08-21;95.33;100;-1.81;1.32;-4.3
2024-08-22;94.48;100;-1.79;1.02;-4.73
2024-08-23;94.78;100;-1.78;0.73;-4.96
2024-08-24;93.44;100;-1.76;0.44;-4.98
2024-08-25;92.19;100;-1.75;0.15;-4.79
2024-08-26;92.09;100;-1.74;-0.15;-4.4
2024-08-27;93.28;100;-1.72;-0.44;-3.82
2024-08-28;93.11;100;-1.71;-0.73;-3.07
2024-08-29;93.99;100;-1.7;-1.02;-2.2
2024-08-30;96.15;100;-1.68;-1.32;-1.23
2024-08-31;97.83;100;-1.67;-1.61;-0.21
2024-09-01;96.17;100;-1.65;-1.9;0.82
2024-09-02;98.19;100;-1.64;-2.19;1.82
2024-09-03;98.58;100;-1.63;-2.48;2.73
2024-09-04;99.65;100;-1.61;-2.77;3.54
2024-09-05;101.09;100;-1.6;-3.06;4.19
2024-09-06;99.29;100;-1.59;-3.34;4.66
2024-09-07;100.02;100;-1.57;-3.63;4.93
2024-09-08;99.5;100;-1.56;-3.92;5.0
2024-09-09;97.92;100;-1.54;-4.2;4.85
2024-09-10;98.36;100;-1.53;-4.48;4.49
2024-09-11;99.26;100;-1.52;-4.76;3.95
2024-09-12;97.49;100;-1.5;-5.04;3.23
2024-09-13;94.55;100;-1.49;-5.32;2.38
2024-09-14;93.78;100;-1.48;-5.6;1.43
2024-09-15;92.03;100;-1.46;-5.88;0.41
2024-09-16;91.48;100;-1.45;-6.15;-0.62
2024-09-17;90.39;100;-1.44;-6.42;-1.62
2024-09-18;88.09;100;-1.42;-6.69;-2.56
2024-09-19;88.01;100;-1.41;-6.96;-3.39
2024-09-20;88.96;100;-1.39;-7.23;-4.07
2024-09-21;86.19;100;-1.38;-7.49;-4.58
2024-09-22;86.46;100;-1.37;-7.75;-4.89
2024-09-23;87.26;100;-1.35;-8.01;-5.0
2024-09-24;85.11;100;-1.34;-8.27;-4.89
2024-09-25;85.03;100;-1.33;-8.52;-4.58
2024-09-26;85.63;100;-1.31;-8.77;-4.07
2024-09-27;85.14;100;-1.3;-9.02;-3.39
2024-09-28;85.43;100;-1.28;-9.27;-2.56
2024-09-29;86.37;100;-1.27;-9.51;-1.62
2024-09-30;89.01;100;-1.26;-9.75;-0.62
2024-10-01;90.13;100;-1.24;-9.99;0.41
2024-10-02;90.9;100;-1.23;-10.23;1.43
2024-10-03;89.49;100;-1.22;-10.46;2.38
2024-10-04;90.6;100;-1.2;-10.69;3.23
2024-10-05;93.24;100;-1.19;-10.91;3.95
2024-10-06;92.93;100;-1.17;-11.14;4.49
2024-10-07;91.95;100;-1.16;-11.36;4.85
2024-10-08;93.11;100;-1.15;-11.57;5.0
2024-10-09;91.22;100;-1.13;-11.79;4.93
2024-10-10;90.16;100;-1.12;-11.99;4.66
2024-10-11;92.26;100;-1.11;-12.2;4.19
2024-10-12;91.27;100;-1.09;-12.4;3.54
2024-10-13;89.04;100;-1.08;-12.6;2.73
2024-10-14;87.68;100;-1.06;-12.8;1.82
2024-10-15;88.2;100;-1.05;-12.99;0.82
2024-10-16;85.78;100;-1.04;-13.17;-0.21
2024-10-17;85.99;100;-1.02;-13.36;-1.23
2024-10-18;81.59;100;-1.01;-13.54;-2.2
2024-10-19;82.73;100;-1.0;-13.71;-3.07
2024-10-20;80.49;100;-0.98;-13.88;-3.82
2024-10-21;81.31;100;-0.97;-14.05;-4.4
2024-10-22;81.47;100;-0.96;-14.21;-4.79
2024-10-23;78.08;100;-0.94;-14.37;-4.98
2024-10-24;80.17;100;-0.93;-14.52;-4.96
2024-10-25;80.76;100;-0.91;-14.67;-4.73
2024-10-26;79.93;100;-0.9;-14.82;-4.3
2024-10-27;79.19;100;-0.89;-14.96;-3.68
2024-10-28;81.11;100;-0.87;-15.1;-2.91
2024-10-29;82.57;100;-0.86;-15.23;-2.01
2024-10-30;82.9;100;-0.85;-15.36;-1.03
2024-10-31;83.91;100;-0.83;-15.48;-0.0
2024-11-01;84.01;100;-0.82;-15.6;1.03
2024-11-02;84.9;100;-0.8;-15.71;2.01
2024-11-03;85.42;100;-0.79;-15.82;2.91
2024-11-04;87.75;100;-0.78;-15.93;3.68
2024-11-05;85.85;100;-0.76;-16.03;4.3
2024-11-06;88.19;100;-0.75;-16.12;4.73
2024-11-07;88.57;100;-0.74;-16.21;4.96
2024-11-08;87.78;100;-0.72;-16.3;4.98
2024-11-09;87.44;100;-0.71;-16.38;4.79
2024-11-10;88.19;100;-0.69;-16.45;4.4
2024-11-11;86.62;100;-0.68;-16.53;3.82
2024-11-12;84.31;100;-0.67;-16.59;3.07
2024-11-13;85.64;100;-0.65;-16.65;2.2
2024-11-14;85.48;100;-0.64;-16.71;1.23
2024-11-15;84.46;100;-0.63;-16.76;0.21
2024-11-16;82.98;100;-0.61;-16.81;-0.82
2024-11-17;79.18;100;-0.6;-16.85;-1.82
2024-11-18;80.01;100;-0.59;-16.89;-2.73
2024-11-19;77.91;100;-0.57;-16.92;-3.54
2024-11-20;79.42;100;-0.56;-16.94;-4.19
2024-11-21;76.57;100;-0.54;-16.96;-4.66
2024-11-22;77.56;100;-0.53;-16.98;-4.93
2024-11-23;78.84;100;-0.52;-16.99;-5.0
2024-11-24;76.61;100;-0.5;-17.0;-4.85
2024-11-25;78.89;100;-0.49;-17.0;-4.49
2024-11-26;80.2;100;-0.48;-17.0;-3.95
2024-11-27;79.11;100;-0.46;-16.99;-3.23
2024-11-28;80.17;100;-0.45;-16.97;-2.38
2024-11-29;79.76;100;-0.43;-16.95;-1.43
2024-11-30;83.64;100;-0.42;-16.93;-0.41
2024-12-01;82.15;100;-0.41;-16.9;0.62
2024-12-02;85.21;100;-0.39;-16.87;1.62
2024-12-03;86.1;100;-0.38;-16.83;2.56
2024-12-04;85.45;100;-0.37;-16.78;3.39
2024-12-05;88.62;100;-0.35;-16.74;4.07
2024-12-06;89.01;100;-0.34;-16.68;4.58
2024-12-07;88.37;100;-0.32;-16.62;4.89
2024-12-08;87.85;100;-0.31;-16.56;5.0
2024-12-09;88.06;100;-0.3;-16.49;4.89
2024-12-10;87.68;100;-0.28;-16.42;4.58
2024-12-11;88.01;100;-0.27;-16.34;4.07
2024-12-12;88.53;100;-0.26;-16.26;3.39
2024-12-13;84.77;100;-0.24;-16.17;2.56
2024-12-14;84.57;100;-0.23;-16.08;1.62
2024-12-15;84.53;100;-0.21;-15.98;0.62
2024-12-16;83.93;100;-0.2;-15.88;-0.41
2024-12-17;83.28;100;-0.19;-15.77;-1.43
2024-12-18;83.21;100;-0.17;-15.66;-2.38
2024-12-19;82.21;100;-0.16;-15.54;-3.23
2024-12-20;80.03;100;-0.15;-15.42;-3.95
2024-12-21;79.77;100;-0.13;-15.29;-4.49
2024-12-22;80.08;100;-0.12;-15.16;-4.85
2024-12-23;81.33;100;-0.11;-15.03;-5.0
2024-12-24;79.14;100;-0.09;-14.89;-4.93
2024-12-25;79.31;100;-0.08;-14.75;-4.66
2024-12-26;80.5;100;-0.06;-14.6;-4.19
2024-12-27;82.68;100;-0.05;-14.45;-3.54
2024-12-28;83.4;100;-0.04;-14.29;-2.73
2024-12-29;83.82;100;-0.02;-14.13;-1.82
2024-12-30;85.2;100;-0.01;-13.97;-0.82
2024-12-31;87.02;100;0.0;-13.8;0.21
2025-01-01;88.83;100;0.02;-13.62;1.23
2025-01-02;87.2;100;0.03;-13.45;2.2
2025-01-03;89.88;100;0.05;-13.27;3.07
2025-01-04;89.21;100;0.06;-13.08;3.82
2025-01-05;92.49;100;0.07;-12.89;4.4
2025-01-06;92.16;100;0.09;-12.7;4.79
2025-01-07;94.01;100;0.1;-12.5;4.98
2025-01-08;93.43;100;0.11;-12.3;4.96
2025-01-09;93.72;100;0.13;-12.1;4.73
2025-01-10;92.5;100;0.14;-11.89;4.3
2025-01-11;93.08;100;0.16;-11.68;3.68
2025-01-12;90.77;100;0.17;-11.47;2.91
2025-01-13;89.82;100;0.18;-11.25;2.01
2025-01-14;90.5;100;0.2;-11.03;1.03
2025-01-15;89.4;100;0.21;-10.8;-0.0
2025-01-16;88.77;100;0.22;-10.57;-1.03
2025-01-17;88.93;100;0.24;-10.34;-2.01
2025-01-18;87.39;100;0.25;-10.11;-2.91
2025-01-19;87.31;100;0.27;-9.87;-3.68
2025-01-20;86.97;100;0.28;-9.63;-4.3
2025-01-21;85.92;100;0.29;-9.39;-4.73
2025-01-22;87.21;100;0.31;-9.15;-4.96
2025-01-23;87.04;100;0.32;-8.9;-4.98
2025-01-24;87.26;100;0.33;-8.65;-4.79
2025-01-25;88.84;100;0.35;-8.39;-4.4
2025-01-26;88.96;100;0.36;-8.14;-3.82
2025-01-27;89.28;100;0.37;-7.88;-3.07
2025-01-28;89.72;100;0.39;-7.62;-2.2
2025-01-29;93.03;100;0.4;-7.36;-1.23
2025-01-30;94.66;100;0.42;-7.09;-0.21
2025-01-31;94.15;100;0.43;-6.83;0.82
2025-02-01;96.04;100;0.44;-6.56;1.82
2025-02-02;97.19;100;0.46;-6.29;2.73
2025-02-03;98.78;100;0.47;-6.01;3.54
2025-02-04;99.05;100;0.48;-5.74;4.19
2025-02-05;100.38;100;0.5;-5.46;4.66
2025-02-06;101.27;100;0.51;-5.18;4.93
2025-02-07;99.81;100;0.53;-4.9;5.0
2025-02-08;101.48;100;0.54;-4.62;4.85
2025-02-09;101.66;100;0.55;-4.34;4.49
2025-02-10;100.8;100;0.57;-4.06;3.95
2025-02-11;101.54;100;0.58;-3.77;3.23
2025-02-12;100.92;100;0.59;-3.49;2.38
2025-02-13;97.96;100;0.61;-3.2;1.43
2025-02-14;97.83;100;0.62;-2.91;0.41
2025-02-15;98.7;100;0.64;-2.62;-0.62
2025-02-16;97.9;100;0.65;-2.33;-1.62
2025-02-17;95.07;100;0.66;-2.04;-2.56
2025-02-18;94.58;100;0.68;-1.75;-3.39
2025-02-19;94.0;100;0.69;-1.46;-4.07
2025-02-20;96.62;100;0.7;-1.17;-4.58
2025-02-21;93.42;100;0.72;-0.88;-4.89
2025-02-22;96.2;100;0.73;-0.59;-5.0
2025-02-23;96.4;100;0.74;-0.29;-4.89
2025-02-24;96.15;100;0.76;0.0;-4.58
2025-02-25;95.5;100;0.77;0.29;-4.07
2025-02-26;97.79;100;0.79;0.59;-3.39
2025-02-27;100.69;100;0.8;0.88;-2.56
2025-02-28;99.06;100;0.81;1.17;-1.62
2025-03-01;101.41;100;0.83;1.46;-0.62
2025-03-02;103.91;100;0.84;1.75;0.41
2025-03-03;103.46;100;0.85;2.04;1.43
2025-03-04;105.06;100;0.87;2.33;2.38
2025-03-05;106.8;100;0.88;2.62;3.23
2025-03-06;107.57;100;0.9;2.91;3.95
2025-03-07;109.13;100;0.91;3.2;4.49
2025-03-08;110.82;100;0.92;3.49;4.85
2025-03-09;108.02;100;0.94;3.77;5.0
2025-03-10;110.64;100;0.95;4.06;4.93
2025-03-11;109.61;100;0.96;4.34;4.66
2025-03-12;108.49;100;0.98;4.62;4.19
2025-03-13;110.04;100;0.99;4.9;3.54
2025-03-14;109.67;100;1.01;5.18;2.73
2025-03-15;109.16;100;1.02;5.46;1.82
2025-03-16;107.83;100;1.03;5.74;0.82
2025-03-17;105.21;100;1.05;6.01;-0.21
2025-03-18;105.39;100;1.06;6.29;-1.23
2025-03-19;106.31;100;1.07;6.56;-2.2
2025-03-20;103.81;100;1.09;6.83;-3.07
2025-03-21;104.96;100;1.1;7.09;-3.82
2025-03-22;103.47;100;1.12;7.36;-4.4
2025-03-23;104.15;100;1.13;7.62;-4.79
2025-03-24;104.83;100;1.14;7.88;-4.98
2025-03-25;103.77;100;1.16;8.14;-4.96
2025-03-26;103.53;100;1.17;8.39;-4.73
2025-03-27;107.11;100;1.18;8.65;-4.3
2025-03-28;106.26;100;1.2;8.9;-3.68
2025-03-29;108.48;100;1.21;9.15;-2.91
2025-03-30;107.37;100;1.22;9.39;-2.01
2025-03-31;110.42;100;1.24;9.63;-1.03
2025-04-01;112.13;100;1.25;9.87;-0.0
2025-04-02;112.63;100;1.27;10.11;1.03
2025-04-03;114.33;100;1.28;10.34;2.01
2025-04-04;116.34;100;1.29;10.57;2.91
2025-04-05;114.1;100;1.31;10.8;3.68
2025-04-06;116.98;100;1.32;11.03;4.3
2025-04-07;118.22;100;1.33;11.25;4.73
2025-04-08;119.02;100;1.35;11.47;4.96
2025-04-09;118.45;100;1.36;11.68;4.98
2025-04-10;118.56;100;1.38;11.89;4.79
2025-04-11;118.83;100;1.39;12.1;4.4
2025-04-12;116.33;100;1.4;12.3;3.82
2025-04-13;116.45;100;1.42;12.5;3.07
2025-04-14;114.96;100;1.43;12.7;2.2
2025-04-15;114.73;100;1.44;12.89;1.23
2025-04-16;113.3;100;1.46;13.08;0.21
2025-04-17;112.85;100;1.47;13.27;-0.82
2025-04-18;113.66;100;1.49;13.45;-1.82
2025-04-19;111.32;100;1.5;13.62;-2.73
2025-04-20;110.77;100;1.51;13.8;-3.54
2025-04-21;111.52;100;1.53;13.97;-4.19
2025-04-22;110.47;100;1.54;14.13;-4.66
2025-04-23;109.76;100;1.55;14.29;-4.93
2025-04-24;109.67;100;1.57;14.45;-5.0
2025-04-25;112.67;100;1.58;14.6;-4.85
2025-04-26;111.98;100;1.6;14.75;-4.49
2025-04-27;111.49;100;1.61;14.89;-3.95
2025-04-28;112.49;100;1.62;15.03;-3.23
2025-04-29;113.69;100;1.64;15.16;-2.38
2025-04-30;117.02;100;1.65;15.29;-1.43
2025-05-01;117.61;100;1.66;15.42;-0.41
2025-05-02;117.23;100;1.68;15.54;0.62
2025-05-03;118.27;100;1.69;15.66;1.62
2025-05-04;121.05;100;1.7;15.77;2.56
2025-05-05;120.58;100;1.72;15.88;3.39
2025-05-06;121.7;100;1.73;15.98;4.07
2025-05-07;121.94;100;1.75;16.08;4.58
2025-05-08;122.5;100;1.76;16.17;4.89
2025-05-09;124.44;100;1.77;16.26;5.0
2025-05-10;123.45;100;1.79;16.34;4.89
2025-05-11;124.36;100;1.8;16.42;4.58
2025-05-12;122.06;100;1.81;16.49;4.07
2025-05-13;123.44;100;1.83;16.56;3.39
2025-05-14;121.75;100;1.84;16.62;2.56
2025-05-15;121.28;100;1.86;16.68;1.62
2025-05-16;119.02;100;1.87;16.74;0.62
2025-05-17;117.37;100;1.88;16.78;-0.41
2025-05-18;118.51;100;1.9;16.83;-1.43
2025-05-19;115.15;100;1.91;16.87;-2.38
2025-05-20;115.84;100;1.92;16.9;-3.23
2025-05-21;114.9;100;1.94;16.93;-3.95
2025-05-22;116.08;100;1.95;16.95;-4.49
2025-05-23;114.87;100;1.97;16.97;-4.85
2025-05-24;114.81;100;1.98;16.99;-5.0
2025-05-25;112.58;100;1.99;17.0;-4.93
2025-05-26;113.86;100;2.01;17.0;-4.66
2025-05-27;115.42;100;2.02;17.0;-4.19
2025-05-28;116.9;100;2.03;16.99;-3.54
2025-05-29;117.25;100;2.05;16.98;-2.73
2025-05-30;118.78;100;2.06;16.96;-1.82
2025-05-31;119.31;100;2.07;16.94;-0.82
2025-06-01;119.31;100;2.09;16.92;0.21
2025-06-02;121.82;100;2.1;16.89;1.23
2025-06-03;120.17;100;2.12;16.85;2.2
2025-06-04;122.02;100;2.13;16.81;3.07
2025-06-05;121.84;100;2.14;16.76;3.82
2025-06-06;124.59;100;2.16;16.71;4.4
2025-06-07;123.69;100;2.17;16.65;4.79
2025-06-08;123.11;100;2.18;16.59;4.98
2025-06-09;125.23;100;2.2;16.53;4.96
2025-06-10;122.54;100;2.21;16.45;4.73
2025-06-11;124.33;100;2.23;16.38;4.3
2025-06-12;122.52;100;2.24;16.3;3.68
2025-06-13;122.52;100;2.25;16.21;2.91
2025-06-14;121.94;100;2.27;16.12;2.01
2025-06-15;119.34;100;2.28;16.03;1.03
2025-06-16;116.99;100;2.29;15.93;-0.0
2025-06-17;117.58;100;2.31;15.82;-1.03
2025-06-18;117.09;100;2.32;15.71;-2.01
2025-06-19;113.88;100;2.34;15.6;-2.91
2025-06-20;112.9;100;2.35;15.48;-3.68
2025-06-21;112.13;100;2.36;15.36;-4.3
2025-06-22;112.66;100;2.38;15.23;-4.73
2025-06-23;113.47;100;2.39;15.1;-4.96
2025-06-24;113.79;100;2.4;14.96;-4.98
2025-06-25;111.28;100;2.42;14.82;-4.79
2025-06-26;112.67;100;2.43;14.67;-4.4
2025-06-27;113.24;100;2.45;14.52;-3.82
2025-06-28;115.0;100;2.46;14.37;-3.07
2025-06-29;112.83;100;2.47;14.21;-2.2
2025-06-30;113.71;100;2.49;14.05;-1.23
2025-07-01;115.51;100;2.5;13.88;-0.21
2025-07-02;115.88;100;2.51;13.71;0.82
2025-07-03;117.5;100;2.53;13.54;1.82
2025-07-04;117.58;100;2.54;13.36;2.73
2025-07-05;120.85;100;2.55;13.17;3.54
2025-07-06;118.68;100;2.57;12.99;4.19
2025-07-07;121.37;100;2.58;12.8;4.66
2025-07-08;119.46;100;2.6;12.6;4.93
2025-07-09;118.68;100;2.61;12.4;5.0
2025-07-10;119.05;100;2.62;12.2;4.85
2025-07-11;120.46;100;2.64;11.99;4.49
2025-07-12;120.02;100;2.65;11.79;3.95
2025-07-13;117.7;100;2.66;11.57;3.23
2025-07-14;117.13;100;2.68;11.36;2.38
2025-07-15;115.67;100;2.69;11.14;1.43
2025-07-16;114.64;100;2.71;10.91;0.41
2025-07-17;114.21;100;2.72;10.69;-0.62
2025-07-18;112.1;100;2.73;10.46;-1.62
2025-07-19;111.81;100;2.75;10.23;-2.56
2025-07-20;108.96;100;2.76;9.99;-3.39
2025-07-21;108.91;100;2.77;9.75;-4.07
2025-07-22;107.59;100;2.79;9.51;-4.58
2025-07-23;107.31;100;2.8;9.27;-4.89
2025-07-24;105.7;100;2.82;9.02;-5.0
2025-07-25;107.71;100;2.83;8.77;-4.89
2025-07-26;106.96;100;2.84;8.52;-4.58
2025-07-27;108.02;100;2.86;8.27;-4.07
2025-07-28;108.23;100;2.87;8.01;-3.39
2025-07-29;107.74;100;2.88;7.75;-2.56
2025-07-30;107.12;100;2.9;7.49;-1.62
2025-07-31;111.19;100;2.91;7.23;-0.62
2025-08-01;110.59;100;2.93;6.96;0.41
2025-08-02;109.87;100;2.94;6.69;1.43
2025-08-03;112.03;100;2.95;6.42;2.38
2025-08-04;111.72;100;2.97;6.15;3.23
2025-08-05;111.89;100;2.98;5.88;3.95
2025-08-06;112.14;100;2.99;5.6;4.49
2025-08-07;113.58;100;3.01;5.32;4.85
2025-08-08;111.96;100;3.02;5.04;5.0
2025-08-09;113.23;100;3.03;4.76;4.93
2025-08-10;111.25;100;3.05;4.48;4.66
2025-08-11;109.98;100;3.06;4.2;4.19
2025-08-12;111.58;100;3.08;3.92;3.54
2025-08-13;107.86;100;3.09;3.63;2.73
2025-08-14;108.2;100;3.1;3.34;1.82
2025-08-15;105.71;100;3.12;3.06;0.82
2025-08-16;105.56;100;3.13;2.77;-0.21
2025-08-17;105.74;100;3.14;2.48;-1.23
2025-08-18;103.32;100;3.16;2.19;-2.2
2025-08-19;103.21;100;3.17;1.9;-3.07
2025-08-20;101.33;100;3.19;1.61;-3.82
2025-08-21;99.24;100;3.2;1.32;-4.4
2025-08-22;98.26;100;3.21;1.02;-4.79
2025-08-23;100.09;100;3.23;0.73;-4.98
2025-08-24;99.64;100;3.24;0.44;-4.96
2025-08-25;97.13;100;3.25;0.15;-4.73
2025-08-26;100.25;100;3.27;-0.15;-4.3
2025-08-27;99.77;100;3.28;-0.44;-3.68
2025-08-28;100.94;100;3.3;-0.73;-2.91
2025-08-29;99.96;100;3.31;-1.02;-2.01
2025-08-30;101.97;100;3.32;-1.32;-1.03
2025-08-31;101.47;100;3.34;-1.61;-0.0
2025-09-01;102.91;100;3.35;-1.9;1.03
2025-09-02;103.37;100;3.36;-2.19;2.01
2025-09-03;104.1;100;3.38;-2.48;2.91
2025-09-04;104.45;100;3.39;-2.77;3.68
2025-09-05;103.38;100;3.4;-3.06;4.3
2025-09-06;104.8;100;3.42;-3.34;4.73
2025-09-07;103.84;100;3.43;-3.63;4.96
2025-09-08;103.06;100;3.45;-3.92;4.98
2025-09-09;103.59;100;3.46;-4.2;4.79
2025-09-10;102.39;100;3.47;-4.48;4.4
2025-09-11;102.29;100;3.49;-4.76;3.82
2025-09-12;102.62;100;3.5;-5.04;3.07
2025-09-13;98.94;100;3.51;-5.32;2.2
2025-09-14;98.15;100;3.53;-5.6;1.23
2025-09-15;99.4;100;3.54;-5.88;0.21
2025-09-16;97.83;100;3.56;-6.15;-0.82
2025-09-17;96.71;100;3.57;-6.42;-1.82
2025-09-18;94.96;100;3.58;-6.69;-2.73
2025-09-19;93.18;100;3.6;-6.96;-3.54
2025-09-20;91.96;100;3.61;-7.23;-4.19
2025-09-21;90.2;100;3.62;-7.49;-4.66
2025-09-22;91.71;100;3.64;-7.75;-4.93
2025-09-23;90.89;100;3.65;-8.01;-5.0
2025-09-24;90.89;100;3.67;-8.27;-4.85
2025-09-25;90.44;100;3.68;-8.52;-4.49
2025-09-26;91.89;100;3.69;-8.77;-3.95
2025-09-27;92.41;100;3.71;-9.02;-3.23
2025-09-28;92.45;100;3.72;-9.27;-2.38
2025-09-29;92.93;100;3.73;-9.51;-1.43
2025-09-30;93.18;100;3.75;-9.75;-0.41
2025-10-01;94.84;100;3.76;-9.99;0.62
2025-10-02;96.73;100;3.78;-10.23;1.62
2025-10-03;94.92;100;3.79;-10.46;2.56
2025-10-04;95.87;100;3.8;-10.69;3.39
2025-10-05;98.11;100;3.82;-10.91;4.07
2025-10-06;96.41;100;3.83;-11.14;4.58
2025-10-07;97.35;100;3.84;-11.36;4.89
2025-10-08;98.95;100;3.86;-11.57;5.0
2025-10-09;96.47;100;3.87;-11.79;4.89
2025-10-10;95.35;100;3.88;-11.99;4.58
2025-10-11;96.71;100;3.9;-12.2;4.07
2025-10-12;95.19;100;3.91;-12.4;3.39
2025-10-13;94.5;100;3.93;-12.6;2.56
2025-10-14;94.12;100;3.94;-12.8;1.62
2025-10-15;91.27;100;3.95;-12.99;0.62
2025-10-16;90.19;100;3.97;-13.17;-0.41
2025-10-17;90.27;100;3.98;-13.36;-1.43
2025-10-18;86.57;100;3.99;-13.54;-2.38
2025-10-19;86.91;100;4.01;-13.71;-3.23
2025-10-20;85.54;100;4.02;-13.88;-3.95
2025-10-21;86.3;100;4.04;-14.05;-4.49
2025-10-22;84.72;100;4.05;-14.21;-4.85
2025-10-23;83.29;100;4.06;-14.37;-5.0
2025-10-24;84.78;100;4.08;-14.52;-4.93
2025-10-25;86.41;100;4.09;-14.67;-4.66
2025-10-26;83.82;100;4.1;-14.82;-4.19
2025-10-27;84.13;100;4.12;-14.96;-3.54
2025-10-28;85.06;100;4.13;-15.1;-2.73
2025-10-29;88.16;100;4.15;-15.23;-1.82
2025-10-30;86.31;100;4.16;-15.36;-0.82
2025-10-31;88.75;100;4.17;-15.48;0.21
2025-11-01;90.69;100;4.19;-15.6;1.23
2025-11-02;90.58;100;4.2;-15.71;2.2
2025-11-03;89.87;100;4.21;-15.82;3.07
2025-11-04;93.21;100;4.23;-15.93;3.82
2025-11-05;91.35;100;4.24;-16.03;4.4
2025-11-06;93.13;100;4.26;-16.12;4.79
2025-11-07;92.89;100;4.27;-16.21;4.98
2025-11-08;93.36;100;4.28;-16.3;4.96
2025-11-09;92.81;100;4.3;-16.38;4.73
2025-11-10;93.59;100;4.31;-16.45;4.3
2025-11-11;92.56;100;4.32;-16.53;3.68
2025-11-12;92.22;100;4.34;-16.59;2.91
2025-11-13;88.1;100;4.35;-16.65;2.01
2025-11-14;90.25;100;4.36;-16.71;1.03
2025-11-15;86.76;100;4.38;-16.76;0.0
2025-11-16;87.36;100;4.39;-16.81;-1.03
2025-11-17;83.89;100;4.41;-16.85;-2.01
2025-11-18;85.58;100;4.42;-16.89;-2.91
2025-11-19;85.06;100;4.43;-16.92;-3.68
2025-11-20;84.46;100;4.45;-16.94;-4.3
2025-11-21;84.08;100;4.46;-16.96;-4.73
2025-11-22;81.23;100;4.47;-16.98;-4.96
2025-11-23;83.46;100;4.49;-16.99;-4.98
2025-11-24;83.37;100;4.5;-17.0;-4.79
2025-11-25;83.37;100;4.52;-17.0;-4.4
2025-11-26;82.8;100;4.53;-17.0;-3.82
2025-11-27;85.37;100;4.54;-16.99;-3.07
2025-11-28;85.43;100;4.56;-16.97;-2.2
2025-11-29;86.38;100;4.57;-16.95;-1.23
2025-11-30;86.59;100;4.58;-16.93;-0.21
2025-12-01;88.45;100;4.6;-16.9;0.82
2025-12-02;88.14;100;4.61;-16.87;1.82
2025-12-03;91.78;100;4.63;-16.83;2.73
2025-12-04;91.38;100;4.64;-16.78;3.54
2025-12-05;92.21;100;4.65;-16.74;4.19
2025-12-06;93.35;100;4.67;-16.68;4.66
2025-12-07;91.31;100;4.68;-16.62;4.93
2025-12-08;94.61;100;4.69;-16.56;5.0
2025-12-09;91.37;100;4.71;-16.49;4.85
2025-12-10;91.9;100;4.72;-16.42;4.49
2025-12-11;93.21;100;4.73;-16.34;3.95
2025-12-12;91.25;100;4.75;-16.26;3.23
2025-12-13;91.81;100;4.76;-16.17;2.38
2025-12-14;90.49;100;4.78;-16.08;1.43
2025-12-15;90.83;100;4.79;-15.98;0.41
2025-12-16;86.81;100;4.8;-15.88;-0.62
2025-12-17;86.29;100;4.82;-15.77;-1.62
2025-12-18;87.78;100;4.83;-15.66;-2.56
2025-12-19;84.65;100;4.84;-15.54;-3.39
2025-12-20;86.4;100;4.86;-15.42;-4.07
2025-12-21;84.34;100;4.87;-15.29;-4.58
2025-12-22;86.12;100;4.89;-15.16;-4.89
2025-12-23;85.45;100;4.9;-15.03;-5.0
2025-12-24;83.84;100;4.91;-14.89;-4.89
2025-12-25;84.12;100;4.93;-14.75;-4.58
2025-12-26;84.93;100;4.94;-14.6;-4.07
2025-12-27;88.82;100;4.95;-14.45;-3.39
2025-12-28;87.53;100;4.97;-14.29;-2.56
2025-12-29;88.15;100;4.98;-14.13;-1.62
2025-12-30;89.46;100;5.0;-13.97;-0.62
2025-12-31;90.96;100;5.01;-13.8;0.41
2026-01-01;93.81;100;5.02;-13.62;1.43
2026-01-02;95.37;100;5.04;-13.45;2.38
2026-01-03;95.49;100;5.05;-13.27;3.23
2026-01-04;96.84;100;5.06;-13.08;3.95
2026-01-05;97.78;100;5.08;-12.89;4.49
2026-01-06;95.88;100;5.09;-12.7;4.85
2026-01-07;97.23;100;5.11;-12.5;5.0
2026-01-08;99.31;100;5.12;-12.3;4.93
2026-01-09;98.3;100;5.13;-12.1;4.66
2026-01-10;97.64;100;5.15;-11.89;4.19
2026-01-11;98.04;100;5.16;-11.68;3.54
2026-01-12;97.06;100;5.17;-11.47;2.73
2026-01-13;97.12;100;5.19;-11.25;1.82
2026-01-14;93.57;100;5.2;-11.03;0.82
2026-01-15;95.38;100;5.21;-10.8;-0.21
2026-01-16;93.46;100;5.23;-10.57;-1.23
2026-01-17;93.08;100;5.24;-10.34;-2.2
2026-01-18;90.86;100;5.26;-10.11;-3.07
2026-01-19;92.23;100;5.27;-9.87;-3.82
2026-01-20;92.33;100;5.28;-9.63;-4.4
2026-01-21;91.96;100;5.3;-9.39;-4.79
2026-01-22;91.16;100;5.31;-9.15;-4.98
2026-01-23;90.56;100;5.32;-8.9;-4.96
2026-01-24;92.83;100;5.34;-8.65;-4.73
2026-01-25;94.34;100;5.35;-8.39;-4.3
2026-01-26;92.08;100;5.37;-8.14;-3.68
2026-01-27;95.58;100;5.38;-7.88;-2.91
2026-01-28;96.74;100;5.39;-7.62;-2.01
2026-01-29;95.46;100;5.41;-7.36;-1.03
2026-01-30;96.91;100;5.42;-7.09;0.0
2026-01-31;99.73;100;5.43;-6.83;1.03
2026-02-01;101.5;100;5.45;-6.56;2.01
2026-02-02;101.32;100;5.46;-6.29;2.91
2026-02-03;102.5;100;5.48;-6.01;3.68
2026-02-04;105.47;100;5.49;-5.74;4.3
2026-02-05;105.27;100;5.5;-5.46;4.73
2026-02-06;106.4;100;5.52;-5.18;4.96
2026-02-07;105.22;100;5.53;-4.9;4.98
2026-02-08;106.95;100;5.54;-4.62;4.79
2026-02-09;105.96;100;5.56;-4.34;4.4
2026-02-10;106.31;100;5.57;-4.06;3.82
2026-02-11;105.7;100;5.59;-3.77;3.07
2026-02-12;105.85;100;5.6;-3.49;2.2
2026-02-13;103.19;100;5.61;-3.2;1.23
2026-02-14;104.04;100;5.63;-2.91;0.21
2026-02-15;102.36;100;5.64;-2.62;-0.82
2026-02-16;101.46;100;5.65;-2.33;-1.82
2026-02-17;100.66;100;5.67;-2.04;-2.73
2026-02-18;100.66;100;5.68;-1.75;-3.54
2026-02-19;99.58;100;5.69;-1.46;-4.19
2026-02-20;98.63;100;5.71;-1.17;-4.66
2026-02-21;99.79;100;5.72;-0.88;-4.93
2026-02-22;99.98;100;5.74;-0.59;-5.0
2026-02-23;99.74;100;5.75;-0.29;-4.85
2026-02-24;102.84;100;5.76;0.0;-4.49
2026-02-25;103.52;100;5.78;0.29;-3.95
2026-02-26;102.86;100;5.79;0.59;-3.23
2026-02-27;104.75;100;5.8;0.88;-2.38
2026-02-28;107.07;100;5.82;1.17;-1.43
2026-03-01;106.28;100;5.83;1.46;-0.41
2026-03-02;107.73;100;5.85;1.75;0.62
2026-03-03;111.06;100;5.86;2.04;1.62
2026-03-04;110.43;100;5.87;2.33;2.56
2026-03-05;112.78;100;5.89;2.62;3.39
2026-03-06;112.88;100;5.9;2.91;4.07
2026-03-07;113.58;100;5.91;3.2;4.58
2026-03-08;115.18;100;5.93;3.49;4.89
2026-03-09;113.3;100;5.94;3.77;5.0
2026-03-10;114.81;100;5.96;4.06;4.89
2026-03-11;113.26;100;5.97;4.34;4.58
2026-03-12;114.14;100;5.98;4.62;4.07
2026-03-13;113.76;100;6.0;4.9;3.39
2026-03-14;114.11;100;6.01;5.18;2.56
2026-03-15;112.18;100;6.02;5.46;1.62
2026-03-16;113.13;100;6.04;5.74;0.62
2026-03-17;112.34;100;6.05;6.01;-0.41
2026-03-18;110.41;100;6.06;6.29;-1.43
2026-03-19;108.78;100;6.08;6.56;-2.38
2026-03-20;109.87;100;6.09;6.83;-3.23
2026-03-21;107.7;100;6.11;7.09;-3.95
2026-03-22;109.97;100;6.12;7.36;-4.49
2026-03-23;109.4;100;6.13;7.62;-4.85
2026-03-24;107.58;100;6.15;7.88;-5.0
2026-03-25;109.48;100;6.16;8.14;-4.93
2026-03-26;110.94;100;6.17;8.39;-4.66
2026-03-27;109.4;100;6.19;8.65;-4.19
2026-03-28;110.71;100;6.2;8.9;-3.54
2026-03-29;113.05;100;6.22;9.15;-2.73
2026-03-30;114.37;100;6.23;9.39;-1.82
2026-03-31;114.77;100;6.24;9.63;-0.82
2026-04-01;117.6;100;6.26;9.87;0.21
2026-04-02;117.16;100;6.27;10.11;1.23
2026-04-03;117.78;100;6.28;10.34;2.2
2026-04-04;118.71;100;6.3;10.57;3.07
2026-04-05;120.42;100;6.31;10.8;3.82
2026-04-06;122.92;100;6.33;11.03;4.4
2026-04-07;121.79;100;6.34;11.25;4.79
2026-04-08;124.26;100;6.35;11.47;4.98
2026-04-09;123.36;100;6.37;11.68;4.96
2026-04-10;124.64;100;6.38;11.89;4.73
2026-04-11;123.29;100;6.39;12.1;4.3
2026-04-12;122.12;100;6.41;12.3;3.68
2026-04-13;121.48;100;6.42;12.5;2.91
2026-04-14;122.73;100;6.44;12.7;2.01
2026-04-15;121.17;100;6.45;12.89;1.03
2026-04-16;120.72;100;6.46;13.08;-0.0
2026-04-17;118.57;100;6.48;13.27;-1.03
2026-04-18;118.72;100;6.49;13.45;-2.01
2026-04-19;118.89;100;6.5;13.62;-2.91
2026-04-20;117.28;100;6.52;13.8;-3.68
2026-04-21;115.05;100;6.53;13.97;-4.3
2026-04-22;114.75;100;6.54;14.13;-4.73
2026-04-23;115.71;100;6.56;14.29;-4.96
2026-04-24;117.5;100;6.57;14.45;-4.98
2026-04-25;114.93;100;6.59;14.6;-4.79
2026-04-26;115.84;100;6.6;14.75;-4.4
2026-04-27;117.69;100;6.61;14.89;-3.82
2026-04-28;117.35;100;6.63;15.03;-3.07
2026-04-29;119.99;100;6.64;15.16;-2.2
2026-04-30;122.09;100;6.65;15.29;-1.23
2026-05-01;122.72;100;6.67;15.42;-0.21
2026-05-02;121.65;100;6.68;15.54;0.82
2026-05-03;124.03;100;6.7;15.66;1.82
2026-05-04;126.27;100;6.71;15.77;2.73
2026-05-05;125.99;100;6.72;15.88;3.54
2026-05-06;126.2;100;6.74;15.98;4.19
2026-05-07;128.44;100;6.75;16.08;4.66
2026-05-08;129.12;100;6.76;16.17;4.93
2026-05-09;129.45;100;6.78;16.26;5.0
2026-05-10;129.09;100;6.79;16.34;4.85
2026-05-11;129.3;100;6.81;16.42;4.49
2026-05-12;126.18;100;6.82;16.49;3.95
2026-05-13;126.51;100;6.83;16.56;3.23
2026-05-14;126.72;100;6.85;16.62;2.38
2026-05-15;126.17;100;6.86;16.68;1.43
2026-05-16;125.52;100;6.87;16.74;0.41
2026-05-17;122.75;100;6.89;16.78;-0.62
2026-05-18;120.95;100;6.9;16.83;-1.62
2026-05-19;120.0;100;6.91;16.87;-2.56
2026-05-20;120.92;100;6.93;16.9;-3.39
2026-05-21;121.21;100;6.94;16.93;-4.07
2026-05-22;118.26;100;6.96;16.95;-4.58
2026-05-23;117.81;100;6.97;16.97;-4.89
2026-05-24;118.07;100;6.98;16.99;-5.0
2026-05-25;118.58;100;7.0;17.0;-4.89
2026-05-26;117.75;100;7.01;17.0;-4.58
2026-05-27;119.98;100;7.02;17.0;-4.07
2026-05-28;122.17;100;7.04;16.99;-3.39
2026-05-29;121.14;100;7.05;16.98;-2.56
2026-05-30;124.08;100;7.07;16.96;-1.62
2026-05-31;123.8;100;7.08;16.94;-0.62
2026-06-01;123.75;100;7.09;16.92;0.41
2026-06-02;126.11;100;7.11;16.89;1.43
2026-06-03;124.98;100;7.12;16.85;2.38
2026-06-04;125.9;100;7.13;16.81;3.23
2026-06-05;126.34;100;7.15;16.76;3.95
2026-06-06;129.6;100;7.16;16.71;4.49
2026-06-07;128.52;100;7.18;16.65;4.85
2026-06-08;128.79;100;7.19;16.59;5.0
2026-06-09;130.24;100;7.2;16.53;4.93
2026-06-10;127.37;100;7.22;16.45;4.66
2026-06-11;129.07;100;7.23;16.38;4.19
2026-06-12;125.56;100;7.24;16.3;3.54
2026-06-13;125.73;100;7.26;16.21;2.73
2026-06-14;126.49;100;7.27;16.12;1.82
2026-06-15;122.71;100;7.29;16.03;0.82
2026-06-16;122.65;100;7.3;15.93;-0.21
2026-06-17;122.64;100;7.31;15.82;-1.23
2026-06-18;122.06;100;7.33;15.71;-2.2
2026-06-19;121.19;100;7.34;15.6;-3.07
2026-06-20;118.32;100;7.35;15.48;-3.82
2026-06-21;117.12;100;7.37;15.36;-4.4
2026-06-22;116.48;100;7.38;15.23;-4.79
2026-06-23;118.7;100;7.39;15.1;-4.98
2026-06-24;118.96;100;7.41;14.96;-4.96
2026-06-25;116.62;100;7.42;14.82;-4.73
2026-06-26;117.37;100;7.44;14.67;-4.3
2026-06-27;117.11;100;7.45;14.52;-3.68
2026-06-28;119.55;100;7.46;14.37;-2.91
2026-06-29;118.58;100;7.48;14.21;-2.01
2026-06-30;120.39;100;7.49;14.05;-1.03
2026-07-01;121.74;100;7.5;13.88;-0.0
2026-07-02;123.41;100;7.52;13.71;1.03
2026-07-03;124.4;100;7.53;13.54;2.01
2026-07-04;125.2;100;7.55;13.36;2.91
2026-07-05;124.13;100;7.56;13.17;3.68
2026-07-06;125.25;100;7.57;12.99;4.3
2026-07-07;124.93;100;7.59;12.8;4.73
2026-07-08;126.4;100;7.6;12.6;4.96
2026-07-09;124.7;100;7.61;12.4;4.98
2026-07-10;124.01;100;7.63;12.2;4.79
2026-07-11;123.66;100;7.64;11.99;4.4
2026-07-12;122.87;100;7.66;11.79;3.82
2026-07-13;123.23;100;7.67;11.57;3.07
2026-07-14;120.46;100;7.68;11.36;2.2
2026-07-15;119.18;100;7.7;11.14;1.23
2026-07-16;118.24;100;7.71;10.91;0.21
2026-07-17;115.94;100;7.72;10.69;-0.82
2026-07-18;117.73;100;7.74;10.46;-1.82
2026-07-19;115.72;100;7.75;10.23;-2.73
2026-07-20;115.9;100;7.77;9.99;-3.54
2026-07-21;114.27;100;7.78;9.75;-4.19
2026-07-22;111.45;100;7.79;9.51;-4.66
2026-07-23;113.6;100;7.81;9.27;-4.93
2026-07-24;112.03;100;7.82;9.02;-5.0
2026-07-25;112.48;100;7.83;8.77;-4.85
2026-07-26;113.12;100;7.85;8.52;-4.49
2026-07-27;111.82;100;7.86;8.27;-3.95
2026-07-28;113.66;100;7.87;8.01;-3.23
2026-07-29;111.58;100;7.89;7.75;-2.38
2026-07-30;114.82;100;7.9;7.49;-1.43
2026-07-31;116.08;100;7.92;7.23;-0.41
2026-08-01;114.27;100;7.93;6.96;0.62
2026-08-02;116.16;100;7.94;6.69;1.62
2026-08-03;117.11;100;7.96;6.42;2.56
2026-08-04;118.84;100;7.97;6.15;3.39
2026-08-05;118.95;100;7.98;5.88;4.07
2026-08-06;117.24;100;8.0;5.6;4.58
2026-08-07;117.62;100;8.01;5.32;4.89
2026-08-08;117.43;100;8.03;5.04;5.0
2026-08-09;116.38;100;8.04;4.76;4.89
2026-08-10;115.84;100;8.05;4.48;4.58
2026-08-11;115.13;100;8.07;4.2;4.07
2026-08-12;115.63;100;8.08;3.92;3.39
2026-08-13;114.83;100;8.09;3.63;2.56
2026-08-14;114.76;100;8.11;3.34;1.62
2026-08-15;112.25;100;8.12;3.06;0.62
2026-08-16;109.1;100;8.14;2.77;-0.41
2026-08-17;108.27;100;8.15;2.48;-1.43
2026-08-18;108.99;100;8.16;2.19;-2.38
2026-08-19;106.17;100;8.18;1.9;-3.23
2026-08-20;106.99;100;8.19;1.61;-3.95
2026-08-21;106.62;100;8.2;1.32;-4.49
2026-08-22;105.5;100;8.22;1.02;-4.85
2026-08-23;104.22;100;8.23;0.73;-5.0
2026-08-24;103.44;100;8.24;0.44;-4.93
2026-08-25;104.14;100;8.26;0.15;-4.66
2026-08-26;105.58;100;8.27;-0.15;-4.19
2026-08-27;103.5;100;8.29;-0.44;-3.54
2026-08-28;105.45;100;8.3;-0.73;-2.73
2026-08-29;106.17;100;8.31;-1.02;-1.82
2026-08-30;106.01;100;8.33;-1.32;-0.82
2026-08-31;106.71;100;8.34;-1.61;0.21
2026-09-01;106.09;100;8.35;-1.9;1.23
2026-09-02;110.04;100;8.37;-2.19;2.2
2026-09-03;108.51;100;8.38;-2.48;3.07
2026-09-04;110.34;100;8.4;-2.77;3.82
2026-09-05;108.89;100;8.41;-3.06;4.4
2026-09-06;109.68;100;8.42;-3.34;4.79
2026-09-07;108.41;100;8.44;-3.63;4.98
2026-09-08;110.56;100;8.45;-3.92;4.96
2026-09-09;110.61;100;8.46;-4.2;4.73
2026-09-10;109.77;100;8.48;-4.48;4.3
2026-09-11;107.53;100;8.49;-4.76;3.68
2026-09-12;106.29;100;8.51;-5.04;2.91
2026-09-13;104.99;100;8.52;-5.32;2.01
2026-09-14;104.57;100;8.53;-5.6;1.03
2026-09-15;101.54;100;8.55;-5.88;-0.0
2026-09-16;101.76;100;8.56;-6.15;-1.03
2026-09-17;99.62;100;8.57;-6.42;-2.01
2026-09-18;98.42;100;8.59;-6.69;-2.91
2026-09-19;98.78;100;8.6;-6.96;-3.68
2026-09-20;98.63;100;8.62;-7.23;-4.3
2026-09-21;96.04;100;8.63;-7.49;-4.73
2026-09-22;95.18;100;8.64;-7.75;-4.96
2026-09-23;96.32;100;8.66;-8.01;-4.98
2026-09-24;96.39;100;8.67;-8.27;-4.79
2026-09-25;95.04;100;8.68;-8.52;-4.4
2026-09-26;95.83;100;8.7;-8.77;-3.82
2026-09-27;97.29;100;8.71;-9.02;-3.07
2026-09-28;97.73;100;8.72;-9.27;-2.2
2026-09-29;99.3;100;8.74;-9.51;-1.23
2026-09-30;98.68;100;8.75;-9.75;-0.21
2026-10-01;98.79;100;8.77;-9.99;0.82
2026-10-02;98.69;100;8.78;-10.23;1.82
2026-10-03;100.81;100;8.79;-10.46;2.73
2026-10-04;102.57;100;8.81;-10.69;3.54
2026-10-05;103.23;100;8.82;-10.91;4.19
2026-10-06;103.11;100;8.83;-11.14;4.66
2026-10-07;100.76;100;8.85;-11.36;4.93
2026-10-08;101.42;100;8.86;-11.57;5.0
2026-10-09;101.66;100;8.88;-11.79;4.85
2026-10-10;101.33;100;8.89;-11.99;4.49
2026-10-11;101.08;100;8.9;-12.2;3.95
2026-10-12;98.99;100;8.92;-12.4;3.23
2026-10-13;100.32;100;8.93;-12.6;2.38
2026-10-14;98.16;100;8.94;-12.8;1.43
2026-10-15;97.56;100;8.96;-12.99;0.41
2026-10-16;94.07;100;8.97;-13.17;-0.62
2026-10-17;92.67;100;8.99;-13.36;-1.62
2026-10-18;91.22;100;9.0;-13.54;-2.56
2026-10-19;92.87;100;9.01;-13.71;-3.39
2026-10-20;92.21;100;9.03;-13.88;-4.07
2026-10-21;91.21;100;9.04;-14.05;-4.58
2026-10-22;89.87;100;9.05;-14.21;-4.89
2026-10-23;89.68;100;9.07;-14.37;-5.0
2026-10-24;88.97;100;9.08;-14.52;-4.89
2026-10-25;90.86;100;9.1;-14.67;-4.58
2026-10-26;91.09;100;9.11;-14.82;-4.07
2026-10-27;91.34;100;9.12;-14.96;-3.39
2026-10-28;91.74;100;9.14;-15.1;-2.56
2026-10-29;93.49;100;9.15;-15.23;-1.62
2026-10-30;91.8;100;9.16;-15.36;-0.62
2026-10-31;92.91;100;9.18;-15.48;0.41
2026-11-01;96.29;100;9.19;-15.6;1.43
2026-11-02;94.56;100;9.2;-15.71;2.38
2026-11-03;97.36;100;9.22;-15.82;3.23
2026-11-04;95.77;100;9.23;-15.93;3.95
2026-11-05;96.3;100;9.25;-16.03;4.49
2026-11-06;97.51;100;9.26;-16.12;4.85
2026-11-07;96.39;100;9.27;-16.21;5.0
2026-11-08;97.33;100;9.29;-16.3;4.93
2026-11-09;96.95;100;9.3;-16.38;4.66
2026-11-10;97.85;100;9.31;-16.45;4.19
2026-11-11;97.91;100;9.33;-16.53;3.54
2026-11-12;95.85;100;9.34;-16.59;2.73
2026-11-13;95.57;100;9.36;-16.65;1.82
2026-11-14;94.66;100;9.37;-16.71;0.82
2026-11-15;92.88;100;9.38;-16.76;-0.21
2026-11-16;90.92;100;9.4;-16.81;-1.23
2026-11-17;91.86;100;9.41;-16.85;-2.2
2026-11-18;90.3;100;9.42;-16.89;-3.07
2026-11-19;88.03;100;9.44;-16.92;-3.82
2026-11-20;89.43;100;9.45;-16.94;-4.4
2026-11-21;86.31;100;9.47;-16.96;-4.79
2026-11-22;86.5;100;9.48;-16.98;-4.98
2026-11-23;85.92;100;9.49;-16.99;-4.96
2026-11-24;87.09;100;9.51;-17.0;-4.73
2026-11-25;88.53;100;9.52;-17.0;-4.3
2026-11-26;89.3;100;9.53;-17.0;-3.68
2026-11-27;91.18;100;9.55;-16.99;-2.91
2026-11-28;91.21;100;9.56;-16.97;-2.01
2026-11-29;91.96;100;9.57;-16.95;-1.03
2026-11-30;92.51;100;9.59;-16.93;0.0
2026-12-01;95.27;100;9.6;-16.9;1.03
2026-12-02;93.21;100;9.62;-16.87;2.01
2026-12-03;96.19;100;9.63;-16.83;2.91
2026-12-04;95.84;100;9.64;-16.78;3.68
2026-12-05;97.21;100;9.66;-16.74;4.3
2026-12-06;99.35;100;9.67;-16.68;4.73
2026-12-07;99.52;100;9.68;-16.62;4.96
2026-12-08;97.17;100;9.7;-16.56;4.98
2026-12-09;96.93;100;9.71;-16.49;4.79
2026-12-10;97.09;100;9.73;-16.42;4.4
2026-12-11;96.36;100;9.74;-16.34;3.82
2026-12-12;95.04;100;9.75;-16.26;3.07
2026-12-13;94.76;100;9.77;-16.17;2.2
2026-12-14;96.08;100;9.78;-16.08;1.23
2026-12-15;94.06;100;9.79;-15.98;0.21
2026-12-16;92.43;100;9.81;-15.88;-0.82
2026-12-17;92.02;100;9.82;-15.77;-1.82
2026-12-18;91.21;100;9.84;-15.66;-2.73
2026-12-19;89.57;100;9.85;-15.54;-3.54
2026-12-20;89.22;100;9.86;-15.42;-4.19
2026-12-21;91.33;100;9.88;-15.29;-4.66
2026-12-22;91.16;100;9.89;-15.16;-4.93
2026-12-23;89.21;100;9.9;-15.03;-5.0
2026-12-24;89.75;100;9.92;-14.89;-4.85
2026-12-25;90.1;100;9.93;-14.75;-4.49
2026-12-26;89.9;100;9.95;-14.6;-3.95
2026-12-27;92.0;100;9.96;-14.45;-3.23
2026-12-28;92.96;100;9.97;-14.29;-2.38
2026-12-29;92.81;100;9.99;-14.13;-1.43
2026-12-30;94.69;100;10.0;-13.97;-0.41
